Workbook

Sheet ITEM MASTER
A1: Sl No | B1: Item Code | C1: Item Name (DRC) | D1: Brand Name | E1: Status | F1: Dosage Form | G1: Strength / Composition | H1: Pack Size / Presentation | I1: Route of Admin | J1: Indications (Summary) | K1: Posology / Dosage | L1: Product Group | M1: Division | N1: Supplier Name 1 | O1: Supplier Name 2 | P1: Supplier Name 3 | Q1: Supplier Name 4 | R1: Supplier Name 5 | S1: Key Market Position in DRC | T1: Demand Drivers | U1: Main Risks / Notes | V1: Overall Strength in DRC
A2: 1 | B2: FG02165 | C2: NEUROQUE 500MCG/ML (MECOBALAMIN) INJ. B/5 AMP | D2: Neuroque | E2: Active | F2: Injection | G2: Methylcobalamin 500 mcg/mL | H2: Box of 5 ampoules of 1 mL | I2: IM / IV | J2: Peripheral & diabetic neuropathies, neurotransmitter synthesis, megaloblastic anemia | K2: 1 ampoule (500 mcg) daily, 3 times per week | L2: UNIQUE A | M2: Marketing | N2: {=IFERROR(INDEX(_xlfn.UNIQUE(_xlfn._xlws.FILTER([1]Sheet1!$W:$W,[1]Sheet1!$H:$H=B2)),1),"")} | O2: {=IFERROR(INDEX(_xlfn.UNIQUE(_xlfn._xlws.FILTER([1]Sheet1!$W:$W,[1]Sheet1!$H:$H=B2)),2),"")} | P2: {=IFERROR(INDEX(_xlfn.UNIQUE(_xlfn._xlws.FILTER([1]Sheet1!$W:$W,[1]Sheet1!$H:$H=B2)),3),"")} | Q2: {=IFERROR(INDEX(_xlfn.UNIQUE(_xlfn._xlws.FILTER([1]Sheet1!$W:$W,[1]Sheet1!$H:$H=B2)),4),"")} | R2: {=IFERROR(INDEX(_xlfn.UNIQUE(_xlfn._xlws.FILTER([1]Sheet1!$W:$W,[1]Sheet1!$H:$H=B2)),5),"")}
A3: 2 | B3: FG02596 | C3: PREGATAS-ME (PREGABALIN+MECOBALAMIN) B/30CAP | D3: Pregatas | E3: Active | F3: Capsule | G3: Pregabalin 75 mg + Methylcobalamin 750 mcg | H3: Box of 30 capsules | I3: Oral | J3: Nerve pain (diabetic neuropathy, shingles, spinal cord injury, fibromyalgia) | K3: As directed by physician | L3: UNIQUE CARDIAC | M3: Marketing | N3: Intas Pharmaceuticals | O3: Indasi Lifescience Pvt Ltd
A4: 3 | B4: FG02595 | C4: PREGATAS-75 (PREGABALIN) B/30 CAPSULE | D4: Pregatas | E4: Active | F4: Capsule | G4: Pregabalin 75 mg | H4: Box of 30 capsules | I4: Oral | J4: Nerve pain (diabetic neuropathy, shingles, spinal cord injury, fibromyalgia) | K4: As directed by physician | L4: UNIQUE CARDIAC | M4: Marketing | N4: Intas Pharmaceuticals
A5: 4 | B5: FG04282 | C5: CYPROPLEX (CYPROHEPTADINE) SIROP 200ML | D5: Cyproplex | E5: Active | F5: Oral Suspension | G5: Cyproheptadine 2 mg / 5 mL | H5: Box of 200 mL | I5: Oral | J5: Allergy symptoms (watery eyes, runny nose, hives, itching) | K5: As directed by physician | L5: OTC PRODUCTS | M5: OTC PRODUCTS | N5: Biomatrix Healthcare Pvt Ltd
A6: 5 | B6: FG04621 | C6: CYPROPLEX-4 (CYPROHEPTADINE) B/ 10 X 10 CES | D6: Cyproplex | E6: Active | F6: Tablet | G6: Cyproheptadine 4 mg | H6: Box of 2×10 & 10×10 tablets | I6: Oral | J6: Allergy symptoms & appetite stimulation | K6: As directed by physician | L6: OTC PRODUCTS | M6: OTC PRODUCTS | N6: Biomatrix Healthcare Pvt Ltd
A7: 6 | B7: FG01016 | C7: DESLORA 2.5MG/5ML (DESLORATADINE) SIROP 60ML | D7: Deslora | E7: Active | F7: Syrup | G7: Desloratadine 2.5 mg / 5 mL | H7: Box of 60 mL (Pineapple flavour) | I7: Oral | J7: Allergies (sneezing, watery eyes, itching), chronic skin hives | K7: <1yr: 2mL; 1-3yr: 2.5mL; 3-6yr: 5mL once daily | L7: UNIQUE A | M7: Marketing | N7: Lincoln Pharmaceuticlas Ltd
A8: 7 | B8: FG01017 | C8: DESLORA-5MG (DESLORATADINE) B/10CES | D8: Deslora | E8: Active | F8: Tablet | G8: Desloratadine 5 mg | H8: Box of 10 tablets | I8: Oral | J8: Allergies (sneezing, watery eyes, itching), chronic skin hives | K8: 1 tablet daily | L8: UNIQUE A | M8: Marketing | N8: Lincoln Pharmaceuticlas Ltd
A9: 8 | B9: FG01829 | C9: LORANIQE 10MG (LORATADINE) B/10 CES | D9: Loranique | E9: Active | F9: Tablet | G9: Loratadine 10 mg | H9: Box of 10 tablets | I9: Oral | J9: Hay fever, allergies (sneezing, runny nose, itchy eyes), hives | K9: 1 tablet daily | L9: VITES | M9: Marketing | N9: Lincoln Pharmaceuticlas Ltd
A10: 9 | B10: FG03625 | C10: BROMOVAN (BROMHEXINE) 4MG /5ML SIRUP 100ML | D10: Bromovan | E10: Active | F10: Syrup | G10: Bromhexine 4 mg / 5 mL | H10: 100 mL bottle | I10: Oral | J10: Respiratory disorders with excessive mucus (bronchitis, bronchiectasis, pneumoconiosis) | K10: Adults/12+: 10mL TID; 6-12y: 5mL TID; 2-5y: 2.5mL TID | L10: OTC PRODUCTS | M10: OTC PRODUCTS | N10: Biomatrix Healthcare Pvt Ltd
A11: 10 | B11: FG01041 | C11: DEXOL (CONTRE LA GRIPPE) SUSP.FL/ 100ML | D11: Dexol | E11: Active | F11: Syrup (per 5mL) | G11: Paracetamol 250mg + Dextromethorphan 10mg + Chlorphenamine 2mg + Phenylephrine 5mg | H11: 100 mL bottle | I11: Oral | J11: Cold/flu symptoms (fever, cough, stuffy nose, body aches) | K11: 1–2 teaspoon (5–10mL) three times daily | L11: OTC PRODUCTS | M11: OTC PRODUCTS | N11: Lincoln Pharmaceuticlas Ltd
A12: 11 | B12: FG01040 | C12: DEXOL (ANTIGRIPPALES) B/10 CAPSULES | D12: Dexol | E12: Active | F12: Capsule | G12: Paracetamol 500mg + Dextromethorphan 15mg + Chlorphenamine 2mg + Phenylephrine 10mg | H12: Box of 10 capsules | I12: Oral | J12: Cold/flu, sinusitis, bronchitis (cough, fever, stuffy nose) | K12: 1 capsule twice daily (adults & children ≥12y) | L12: OTC PRODUCTS | M12: OTC PRODUCTS | N12: Lincoln Pharmaceuticlas Ltd
A13: 12 | B13: FG02669 | C13: QLINDA GEL (CLINDAMYCINE) T/30G | D13: Qlinda | E13: Active | F13: Gel (Topical) | G13: Clindamycin 1% w/w | H13: Tube of 30g & 60g | I13: Cutaneous | J13: Acne treatment | K13: Apply to clean, dry skin twice daily | L13: OTC PRODUCTS | M13: OTC PRODUCTS
A14: 13 | B14: FG04094 | C14: TOPISOL (CLOBETASOL) CREME T/30G | D14: Topisol | E14: Active | F14: Cream (Topical) | G14: Clobetasol 0.05% w/w | H14: Tube of 30g | I14: Topical | J14: Eczema, contact dermatitis, seborrheic dermatitis, psoriasis | K14: Apply 1–2 times daily | L14: OTC PRODUCTS | M14: OTC PRODUCTS
A15: 14 | B15: FG04795 | C15: TOPISOL (CLOBETASOL) CREME T/15G | D15: Topisol | E15: Active | F15: Cream (Topical) | G15: Clobetasol 0.05% w/w | H15: Tube of 15g | I15: Topical | J15: Eczema, contact dermatitis, seborrheic dermatitis, psoriasis | K15: Apply 1–2 times daily | L15: OTC PRODUCTS | M15: OTC PRODUCTS
A16: 15 | B16: FG00518 | C16: BUCCODRIL (BAIN DE BOUCHE) SOLUTION FL/150ML | D16: Buccodril | E16: Active | F16: Mouthwash Solution | G16: Thymol 0.06% + Eucalyptol 0.09% + Menthol 0.04% + Ethanol 21.6% | H16: Bottle of 150 mL | I16: Oral (Rinse) | J16: Dental plaque prevention, gingivitis, oral hygiene | K16: Rinse with 10 mL twice daily (spit out) | L16: UNIQUE A | M16: Marketing | N16: Biomatrix Healthcare Pvt Ltd
A17: 16 | B17: FG01439 | C17: FUSIDIQ (ACIDE FUSIDIQUE) CREME T/15G | D17: Fusidiq | E17: Active | F17: Cream (Topical) | G17: Fusidic acid 2% w/w | H17: Tube (topical) | I17: Topical | J17: Bacterial skin infections (cellulitis, impetigo, conjunctivitis) | K17: As directed by physician | L17: VITES | M17: Marketing | N17: Biomatrix Healthcare Pvt Ltd
A18: 17 | B18: FG03406 | C18: UNIDERM @@ 30MG @@ CREAM | D18: Uniderm | E18: Active | F18: Cream (Topical) | G18: Betamethasone valerate 0.61mg + Gentamicin 1mg + Tolnaftate 10mg + Clioquinol 10mg | H18: Tubes of 15g & 30g | I18: Topical | J18: Skin fungal infections | K18: Apply 1–2 times daily | L18: OTC PRODUCTS | M18: OTC PRODUCTS | N18: Lincoln Pharmaceuticlas Ltd
A19: 18 | B19: FG08529 | C19: KORTIF (HYDROCORTISONE 100 MG) TUBE DE 15G | D19: Kortif | E19: Active | F19: Cream (Topical) | G19: Hydrocortisone (active ingredient) | H19: Tube (topical) | I19: Topical | J19: Swelling, itching, irritation (insect bites, eczema, dermatitis, anal itching) | K19: Apply 1–2 times daily | L19: OTC PRODUCTS | M19: OTC PRODUCTS | N19: Scott Edil Pharmacia Ltd
A20: 19 | B20: FG01694 | C20: KETOMIZ (KETOCONAZOLE) SHAMPOO 100ML | D20: Ketomiz | E20: Active | F20: Shampoo | G20: Ketoconazole 2% w/v | H20: Bottle of 100 mL | I20: Topical (Scalp) | J20: Fungal infections (tinea, candidiasis, dandruff, seborrheic dermatitis) | K20: As directed by physician | L20: OTC PRODUCTS | M20: OTC PRODUCTS | N20: Biomatrix Healthcare Pvt Ltd
A21: 20 | B21: FG03624 | C21: LE BOXEUR (ANTI-MOSQUITO) POMMADE 10GR | D21: Boxer | E21: Active | F21: Balm (Topical) | G21: Natural extracts (camphor, mint, etc.) | H21: 10 g balm (green) | I21: Topical | J21: Antipruritic, analgesic, mosquito repellent, colds, headache, muscle aches | K21: Rub gently on affected skin 2–3 times daily | L21: OTC PRODUCTS | M21: OTC PRODUCTS | N21: Yiwu Royal
A22: 21 | B22: FG04828 | C22: LE BOXEUR (ANTI-MOSQUITO) LIQUID 3.5ML | D22: Boxer | E22: Active | F22: Liquid | G22: Natural extracts (camphor, mint, etc.) | H22: 3.5 mL bottle | I22: Oral / External | J22: Antipruritic, analgesic, mosquito repellent, colds, headache, muscle aches | K22: As directed by physician | L22: OTC PRODUCTS | M22: OTC PRODUCTS | N22: Yiwu Royal
A23: 22 | B23: FG04589 | C23: BENZOATE DE BENZYLE (BENZOSOL) 25% 100ML | D23: Benzosol | E23: Active | F23: Topical Solution | G23: Benzyl Benzoate 25% w/v | H23: Bottle of 100 mL | I23: Topical | J23: Scabies (Sarcoptes scabiei), trombidiosis (chiggers) | L23: OTC PRODUCTS | M23: OTC PRODUCTS | N23: Biomatrix Healthcare Pvt Ltd
A24: 23 | B24: FG01000 | C24: DERMACIDAL (ANTISEPSIE) SOLUTION 125ML | D24: Dermacidal | E24: Active | F24: Solution (Skin) | G24: Benzalkonium chloride 0.5g + Chlorhexidine digluconate 0.2g per 100ml | H24: Bottle of 125ml | I24: Topical (Skin) | J24: Antiseptic for external skin infections; cleansing of cutaneous/mucous affections | K24: Apply minimum twice daily | L24: UNIQUE A | M24: Marketing | N24: Biomatrix Healthcare Pvt Ltd
A25: 24 | B25: FG04728 | C25: GERMITTOL 50ML LIQUID | D25: Germittol | E25: Active | F25: Solution | G25: Chloroxylenol 4.8% + Terpineol 9.0% + Alcohol 13.1% | H25: Bottles of 50ml & 100ml | I25: Topical (External) | J25: Antiseptic for external skin infections | K25: Apply minimum twice daily | L25: OTC PRODUCTS | M25: OTC PRODUCTS | N25: Biomatrix Healthcare Pvt Ltd
A26: 25 | B26: FG03425 | C26: V-LAVAGE (ACIDE LACTIQUE) LIQUIDE DE LAVAGE 100ML | D26: V-Lavage | E26: Active | F26: Vaginal Wash Solution | G26: Lactic acid 1.2% + Sea buckthorn oil + Tea tree oil (pH 3.5) | H26: Bottle of 100ml | I26: Vaginal | J26: Antiseptic solution for vaginal care | K26: Apply minimum twice daily | L26: UNIQUE A | M26: Marketing | N26: Biomatrix Healthcare Pvt Ltd
A27: 26 | B27: FG01403 | C27: FOREDERM ( BETAMETHASONE DIPROPIONATE) CREME 15G | D27: Forederm | E27: Active | F27: Cream (Topical) | G27: Betamethasone dipropionate 0.05% | H27: Tubes of 15g & 30g | I27: Topical | J27: Eczema, dermatitis, allergies, rash (reduces swelling, itching, redness) | K27: Apply minimum twice daily | L27: UNIQUE GENERIC | M27: Generic
A28: 27 | B28: FG03410 | C28: UNIDINE-M (POVIDONE IODE+ METRO) POMMDE 30G | D28: Unidine | E28: Active | F28: Ointment | G28: Povidone Iodized 5% + Metronidazole 1% | H28: Box of 30g ointment | I28: Topical | J28: Broad-spectrum for wounds, traumatic tears, ulcers, cellulitis, bedsores | K28: Apply minimum twice daily | L28: VITES | M28: Marketing | N28: Lincoln Pharmaceuticlas Ltd
A29: 28 | B29: FG03408 | C29: UNIDINE (POVIDONE IODEE) 10% SOLUTION 125 ML | D29: Unidine | E29: Active | F29: Solution | G29: Povidone Iodized 10% | H29: Bottle of 125ml | I29: Topical | J29: Skin antisepsis, operative field, wounds, burns, vaginitis | K29: Apply minimum twice daily | L29: VITES | M29: Marketing | N29: Hind Pharma Aag
A30: 29 | B30: FG03409 | C30: UNIDINE (POVIDONE-IODEE) 5% POMMADE 20G | D30: Unidine | E30: Active | F30: Ointment | G30: Povidone Iodized 5% | H30: Tube of 20g | I30: Topical | J30: Antiseptic for skin disinfection, minor wounds | K30: Apply minimum twice daily | L30: VITES | M30: Marketing | N30: Biomatrix Healthcare Pvt Ltd
A31: 30 | B31: FG00551 | C31: CALMIN (CALAMINE) LOTION 100ML | D31: Calmin Lotion | E31: Active | F31: Lotion | G31: Calamine 8% + Aloe Vera 10% + Light Liquid Paraffin 10% | H31: Bottle of 100ml | I31: Topical | J31: Mild itchiness (sunburn, insect bites, poison ivy, mild skin conditions) | K31: Apply minimum twice daily | L31: VITES | M31: Marketing | N31: Biomatrix Healthcare Pvt Ltd
A32: 31 | B32: FG04836 | C32: CLOTRISAN V6 (CLOTRIMAZOLE) B/6 OVULE+APPLOCATOR | D32: Clotrisan | E32: Active | F32: Vaginal Insert / Ovule | G32: Clotrimazole 1% w/w | H32: Box of 6 ovules | I32: Vaginal | J32: Vaginal candidiasis, trichomoniasis, mixed vaginal infections, bacterial vaginitis | K32: 1 insert deeply into vagina each evening for 6 consecutive nights | L32: OTC PRODUCTS | M32: OTC PRODUCTS | N32: Biomatrix Healthcare Pvt Ltd
A33: 32 | B33: FG04615 | C33: CLOTRISAN (CLOTRIMAZOLE) POUDRE 50G | D33: Clotrisan | E33: Active | F33: Topical Powder | G33: Clotrimazole 1% + Zinc Oxide 1.75% + Dimeticone 2.5% + Talc | H33: Bottle of 50g | I33: Topical | J33: Antifungal for skin infections / rashes | K33: As directed by physician | L33: OTC PRODUCTS | M33: OTC PRODUCTS | N33: Biomatrix Healthcare Pvt Ltd
A34: 33 | B34: FG00865 | C34: CONVEX PRESERVATIF LISSE B/3PCS | D34: Convex | E34: Active | F34: Condom (Medical Device) | G34: N/A | H34: Box of 3 condoms | I34: Barrier / External | J34: Reduces probability of pregnancy or sexually transmitted infections (STIs) | K34: Single use during intercourse; use as directed | L34: UNIQUE SERGICAL | M34: Generic
A35: 34 | B35: FG04792 | C35: TADANIQUE 20MG (TADALAFIL) B/4CES | D35: Tadanique | E35: Active | F35: Tablet | G35: Tadalafil 20 mg | H35: Box of 4 tablets | I35: Oral | J35: Erectile dysfunction (ED), Benign prostatic hyperplasia (BPH), Pulmonary arterial hypertension | K35: 1 tablet once daily, 45 mins to 1 hour before relation | L35: UNIQUE GENERIC | M35: Generic
A36: 35 | B36: FG04089 | C36: SILDEQUE-100MG (SILDENAFIL) B/4CES | D36: Sildeque | E36: Active | F36: Tablet | G36: Sildenafil 100 mg | H36: Box of 4 tablets | I36: Oral | J36: Erectile dysfunction, Pulmonary arterial hypertension | K36: 1 tablet once daily, 45 mins to 1 hour before relation | L36: OTC PRODUCTS | M36: OTC PRODUCTS | N36: Lincoln Pharmaceuticlas Ltd | O36: Sunrise Remedies Pvt Ltd
A37: 36 | B37: FG04090 | C37: SILDEQUE-50 MG (SILDENAFIL) B/4 CES | D37: Sildeque | E37: Active | F37: Tablet | G37: Sildenafil 50 mg | H37: Box of 4 tablets | I37: Oral | J37: Erectile dysfunction, Pulmonary arterial hypertension | L37: OTC PRODUCTS | M37: OTC PRODUCTS | N37: Sunrise Remedies Pvt Ltd
A38: 37 | B38: FG03412 | C38: UNISPA 10MG (BUSCOPAN) B/ 6 SUPPO | D38: Unispa | E38: Active | F38: Suppository | G38: Hyoscine Butylbromide 10 mg | H38: Box of 6 suppositories | I38: Rectal | J38: Crampy abdominal pain, esophageal spasms, renal colic, bladder spasms | K38: As directed by physician | L38: UNIQUE A | M38: Marketing
A39: 38 | B39: FG03070 | C39: SPARET (MEFENAMIQUE + DICYCLOVIRINE) B/10CES | D39: Sparet | E39: Active | F39: Tablet | G39: Mefenamic Acid 500 mg + Paracetamol 325 mg | H39: Box of 10 tablets | I39: Oral | J39: Joint and muscle pains (adults) | K39: 1 tablet once or twice daily | L39: UNIQUE A | M39: Marketing
A40: 39 | B40: FG03069 | C40: SPARET (DICYCLOVERINE+SIMETICONE) GOUTTES 15ML | D40: Sparet | E40: Active | F40: Oral Drops | G40: Simeticone 40 mg + Dicycloverine 10 mg (per drop) | H40: 15 mL oral drops bottle | I40: Oral | J40: Colicky pain in children | K40: 1 drop/kg/dose, 2–3 times daily | L40: UNIQUE A | M40: Marketing | N40: Lincoln Pharmaceuticlas Ltd
A41: 40 | B41: FG03071 | C41: SPARET FORTE (MEFENAMIQUE+PARACETAMOL) B/10CES | D41: Sparet | E41: Active | F41: Tablet | G41: Mefenamic Acid 250 mg + Dicyclomine HCl 10 mg | H41: Box of 10 tablets | I41: Oral | J41: Menstrual pain, intestinal/biliary/ureteric colic | K41: 1 tablet twice daily | L41: UNIQUE A | M41: Marketing | N41: Lincoln Pharmaceuticlas Ltd
A42: 41 | B42: FG03603 | C42: 3 PLUS FORTE (VIT.B1+B6+B12) SIROP 100ML | D42: Trois Plus Forte Suspension | E42: Active | F42: Syrup | G42: Thiamine (B1) 20mg + Pyridoxine (B6) 10mg + Cyanocobalamin (B12) 2mcg per 5mL | H42: Bottle of 100 mL | I42: Oral | J42: Adjunctive therapy for functional asthenia | K42: As directed by physician | L42: OTC PRODUCTS | M42: OTC PRODUCTS | N42: Vincit Biotech International Pvt Ltd
A43: 42 | B43: FG04561 | C43: 3 PLUS FORTE (VIT.B1+B6+B12) B/30CES | D43: Trois Plus Forte Tablet | E43: Active | F43: Tablet | G43: Thiamine (B1) 50mg + Pyridoxine (B6) 50mg + Cyanocobalamin (B12) 500mcg | H43: Box of 3×10 tablets | I43: Oral | J43: Adjunctive therapy for functional asthenia | K43: As directed by physician | L43: OTC PRODUCTS | M43: OTC PRODUCTS | N43: Yiwu Royal
A44: 43 | B44: FG03602 | C44: 3 PLUS FORTE (VIT.B1+B6+B12) INJ. B/10AMP | D44: Trois Plus Forte Injectable | E44: Active | F44: Injection | G44: Thiamine (B1) 100mg + Pyridoxine (B6) 100mg + Cyanocobalamin (B12) 1000mcg per 3mL | H44: Box of 10 ampoules of 3 mL | I44: IM / IV | J44: Adjunctive therapy for functional asthenia | K44: As directed by physician | L44: UNIQUE GENERIC | M44: Generic | N44: Yiwu Royal
A45: 44 | B45: FG00918 | C45: CYPROVITAL (CYPROHEPTADINE+VITAMINES) SIROP 100ML | D45: Cyprovital | E45: Active | F45: Syrup | G45: Cyproheptadine 2mg + Vit B1, B2, B6, Nicotinamide per 5mL | H45: Bottle of 100 mL | I45: Oral | J45: Fortifying and food supplement | K45: As directed by physician | L45: OTC PRODUCTS | M45: OTC PRODUCTS | N45: Lincoln Pharmaceuticlas Ltd
A46: 45 | B46: FG07115 | C46: CYPROPLEX PLUS (CYPROHEPTADINE+MULTIVITAMINE +LYSINE) SIROP DE 200ML | D46: Cyproplex Plus | E46: Active | F46: Oral Suspension | G46: Cyproheptadine HCl 2 mg per 5 mL | H46: Bottle of 200 mL | I46: Oral | J46: Fortifying and food supplement | K46: As directed by physician | L46: OTC PRODUCTS | M46: OTC PRODUCTS
A47: 46 | B47: FG04095 | C47: U CEE 500MG (VITAMINE C) B/10 X 10 CES | D47: U-Cee 500 | E47: Active | F47: Sucking Tablet | G47: Ascorbic Acid (Vitamin C) 500 mg | H47: Box of 10×10 sucking tablets | I47: Oral (Sublingual/Chew) | J47: Antioxidant; maintains skin, cartilage, teeth, bone, blood vessels | K47: 3 tablets daily | L47: UNIQUE GENERIC | M47: Generic | N47: Yiwu Royal
A48: 47 | B48: FG03566 | C48: ZINQUE (GLUCONATE DE ZINC) SIROP 60ML | D48: Zinque | E48: Active | F48: Syrup | G48: Zinc Gluconate 20 mg per 5 mL | H48: 60 mL bottle | I48: Oral | J48: Zinc deficiency, stunted growth, acute diarrhea, wound healing | K48: <6m: 1/2 dose 10–14d; >6m: 1 dose 14d (or as directed) | L48: UNIQUE A | M48: Marketing | N48: Lincoln Pharmaceuticlas Ltd
A49: 48 | B49: FG03567 | C49: ZINQUE - DT 20MG (SULFATE DE ZINC ) B/10 CES | D49: Zinque | E49: Active | F49: Tablet | G49: Zinc Sulfate 20 mg | H49: Box of 10 tablets | I49: Oral | J49: Zinc deficiency, stunted growth, acute diarrhea, wound healing | K49: <6m: 1/2 tab 10–14d; >6m: 1 tab 14d (or as directed) | L49: UNIQUE A | M49: Marketing | N49: Lincoln Pharmaceuticlas Ltd
A50: 49 | B50: FG04079 | C50: S.R.O. SACHETS**PCS/1 (UNIRAL) | D50: Uniral | E50: Active | F50: Powder for Solution | G50: ORS: NaCl 2.6g + KCl 1.5g + Sod. Citrate 2.9g + Glucose 13.5g (per 22g sachet) | H50: 22 g sachet | I50: Oral | J50: Prevention and treatment of dehydration due to diarrhea | K50: Dissolve 1 sachet in 1L of water | L50: UNIQUE GENERIC | M50: Generic | N50: Biomatrix Healthcare Pvt Ltd
A51: 50 | B51: FG01415 | C51: FORTOMEGA PLUS (OMEGA-3 + VIT-E) B/2X10 CAPSULES | D51: Fortomega Plus | E51: Active | F51: Capsule | G51: Omega-3 500 mg + Vitamin E 1 mg | H51: Box of 20 capsules | I51: Oral | J51: CV risk reduction, mental health, inflammation, pregnancy support, weight loss | K51: Adults: 1–2 caps/day; Children: 1 cap/day | L51: UNIQUE A | M51: Marketing | N51: Biomatrix Healthcare Pvt Ltd
A52: 51 | B52: FG01873 | C52: LYCOTONE (LYCOPENE+MULTIVI+MINER) B/30 CAP | D52: Lycotone Capsules | E52: Active | F52: Capsule | G52: Multivitamin + Minerals + Lycopene (B1, B2, B6, B12, A, C, D3, E, Biotin, Folic, Selenium, Zinc, etc.) | H52: Box of 3×10 capsules | I52: Oral | J52: Powerful antioxidant; sun protection, heart health, cancer risk reduction | K52: As directed by physician | L52: UNIQUE A | M52: Marketing | N52: Biomatrix Healthcare Pvt Ltd
A53: 52 | B53: FG01871 | C53: LYCOTONE (LYCOPENE+MULTIVI+MINER) SUSP. FL/ 200ML | D53: Lycotone Suspension | E53: Active | F53: Oral Suspension | G53: Lycopene 5000mcg + Nicotinamide 25mg + B6, B12, Folic, Selenium, Zinc, Manganese, Iodine, Copper (per 10mL) | H53: Bottle of 100 mL / 200 mL | I53: Oral | J53: Powerful antioxidant; sun protection, heart health | K53: 5–10 mL, 2–3 times daily (or as directed) | L53: UNIQUE A | M53: Marketing
A54: 53 | B54: FG01292 | C54: EVAGON (VITAMINE A+E) B/2X12 CAPSULES MOLLES | D54: Evagon | E54: Active | F54: Soft Capsule | G54: Vitamin E 70 mg + Vitamin A 30,000 IU | H54: Box of 24 soft capsules | I54: Oral | J54: Vit A/E deficiency, night blindness, infertility, menopause | K54: 1–2 capsules daily | L54: UNIQUE A | M54: Marketing | N54: Biomatrix Healthcare Pvt Ltd
A55: 54 | B55: FG04631 | C55: E-200 (VITAMIN E ) B/30 CAPSULE | D55: E-200 | E55: Active | F55: Capsule | G55: Vitamin E 200 mg | H55: Box of 30 capsules | I55: Oral | J55: Antioxidant; Vitamin E deficiency | K55: 1 capsule once daily | L55: OTC PRODUCTS | M55: OTC PRODUCTS | N55: Biomatrix Healthcare Pvt Ltd
A56: 55 | B56: FG04022 | C56: HAEMVITAL PLUS (SULFATE FER + ACID FOLIC )10 X10 | D56: Haemvital | E56: Active | F56: Sugar-coated Tablet | G56: Ferrous Sulfate 200 mg + Folic Acid 0.5 mg | H56: Box of 10×10 tablets | I56: Oral | J56: Iron deficiency anemia | K56: As directed by physician | L56: UNIQUE GENERIC | M56: Generic | N56: Glumex Pharmaceuticals Mfg. Pvt Ltd
A57: 56 | B57: FG04021 | C57: HAEMVITAL (SULFATE DE FER) 200MG B/10 X10 CES | D57: Haemvital | E57: Active | F57: Tablet | G57: Ferrous Sulfate 200 mg | H57: Box of 10×10 tablets | I57: Oral | J57: Iron deficiency anemia | K57: As directed by physician | L57: UNIQUE GENERIC | M57: Generic | N57: Glumex Pharmaceuticals Mfg. Pvt Ltd
A58: 57 | B58: FG00438 | C58: BCO - Z ( VIT B COM+VIT+C+ZINC ) B/30CES | D58: BcoZ | E58: Active | F58: Sugar-coated Tablet | G58: B-Complex + Vitamin C + Zinc (B1 10mg, B2 10mg, B6 3mg, B12 10mcg, C 150mg, Zinc 15mg, etc.) | H58: Box of 3×10 tablets | I58: Oral | J58: Multivitamin; prevents deficiency due to poor diet, illness, pregnancy | K58: 1 tablet once daily | L58: VITES | M58: Marketing
A59: 58 | B59: FG00547 | C59: CALCIDOS (CAL. + VIT D3) B/ 3 X10 CES | D59: Calcidos Tablet | E59: Active | F59: Tablet | G59: Calcium Carbonate 500 mg + Vitamin D3 250 IU | H59: Box of 3×10 tablets | I59: Oral | J59: Low calcium, osteoporosis, osteomalacia, rickets, hypoparathyroidism | K59: As directed by physician | L59: UNIQUE A | M59: Marketing
A60: 59 | B60: FG00548 | C60: CALCIDOS (CAL. + VIT. D3) SIRUP 100ML | D60: Calcidos Suspension | E60: Active | F60: Syrup | G60: Calcium Carbonate 625mg (=Ca 250mg) + Vitamin D3 125 IU per 5mL | H60: Bottle of 100 mL | I60: Oral | J60: Low calcium, osteoporosis, osteomalacia, rickets, hypoparathyroidism | K60: As directed by physician | L60: UNIQUE A | M60: Marketing
A61: 60 | B61: FG04063 | C61: ONDACET 8MG (ONDASETRON) ORO-DISPER. B/4 CES | D61: Ondacet | E61: Active | F61: Tablet | G61: Ondansetron 8 mg | H61: Box of 4 tablets | I61: Oral | J61: Nausea & vomiting (chemotherapy, radiation, surgery, gastroenteritis) | K61: As directed by physician | L61: UNIQUE A | M61: Marketing
A62: 61 | B62: FG04911 | C62: ONDACET 4MG (ONDASETRON) ORO-DISPER. B/4 CES | D62: Ondacet | E62: Active | F62: Tablet | G62: Ondansetron 4 mg | H62: Box of 4 tablets | I62: Oral | J62: Nausea & vomiting (chemotherapy, radiation, surgery, gastroenteritis) | K62: As directed by physician | L62: UNIQUE A | M62: Marketing
A63: 62 | B63: FG02276 | C63: ONDACET 4MG (ONDASETRON) INJ. B/1 AMP+ SER. | D63: Ondacet | E63: Active | F63: Injection | G63: Ondansetron 2 mg per mL | H63: Box of 1 ampoule (2 mL) + syringe | I63: IM / IV | J63: Nausea & vomiting (chemotherapy, radiation, surgery, gastroenteritis) | K63: As directed by physician | L63: UNIQUE A | M63: Marketing | N63: Lincoln Pharmaceuticlas Ltd | O63: Scott Edil Pharmacia Ltd
A64: 63 | B64: FG04438 | C64: ONDACET (ONDANSETRONE) 30ML SIROP | D64: Ondacet | E64: Active | F64: Oral Suspension | G64: Ondansetron 2 mg per 5 mL | H64: Bottle of 30 mL | I64: Oral | J64: Nausea & vomiting (children >6 months) | K64: Usually 5 mL as needed | L64: OTC PRODUCTS | M64: OTC PRODUCTS | N64: Scott Edil Pharmacia Ltd
A65: 64 | B65: FG02275 | C65: ONDACET (ONDASETRON) ORAL SPRAY 15ML | D65: Ondacet | E65: Active | F65: Oral Spray | G65: Ondansetron 2 mg per spray dose | H65: Box of 15 mL spray | I65: Oral (Buccal) | J65: Nausea & vomiting | K65: <6y: 1 spray; >6y: 2 sprays; max adult 24 mg/day | L65: UNIQUE A | M65: Marketing | N65: Lincoln Pharmaceuticlas Ltd
A66: 65 | B66: FG01778 | C66: LAXAQUE 5MG (DULCOLAX) B/10 SUPPOS. | D66: Laxaque Suppositories | E66: Active | F66: Suppository | G66: Bisacodyl 5 mg | H66: Box of 2×5 suppositories | I66: Rectal | J66: Constipation, neurogenic bowel dysfunction | K66: 1 suppository once or twice daily | L66: UNIQUE A | M66: Marketing
A67: 66 | B67: FG03876 | C67: DULCOLAX 5MG (LAXAQUE) B/10X10CES | D67: Laxaque Tablet | E67: Active | F67: Tablet | G67: Bisacodyl 5 mg | H67: Box of 10×10 tablets | I67: Oral | J67: Constipation, neurogenic bowel dysfunction | K67: 1 tablet once or twice daily | L67: UNIQUE GENERIC | M67: Generic | N67: Glumex Pharmaceuticals Mfg. Pvt Ltd
A68: 67 | B68: FG01825 | C68: LOOZE 3.35MG/5ML (LACTULOSE) SOLUTION FL/ 150ML | D68: Looze | E68: Active | F68: Syrup | G68: Lactulose 3.35 g per 5 mL | H68: Bottle of 150 mL | I68: Oral | J68: Acute/chronic constipation, hepatic encephalopathy | K68: As directed by physician | L68: UNIQUE A | M68: Marketing | N68: Lincoln Pharmaceuticlas Ltd
A69: 68 | B69: FG01576 | C69: HEPAQUE (HEPARIN) 5000UI/5ML INJ.B/5AMP | D69: Hepaque | E69: Active | F69: Injectable Solution | G69: Heparin 5000 IU per ampoule | H69: Box of 5 ampoules (5 mL) | I69: IV / SC | J69: Prophylaxis of DVT & PE; Treatment of DVT, PE, unstable angina; Prophylaxis of mural thrombosis; Extracorporeal circulation & haemodialysis | K69: Continuous IV infusion in glucose/NaCl, intermittent IV, or SC injection (as directed) | L69: UNIQUE A | M69: Marketing
A70: 69 | B70: FG04492 | C70: VENTOLIQUE (SALBUTAMOL) 100MCG SPRAY 200 DOSES | D70: VENTOLIQUE | E70: Active | F70: Inhalation Spray | G70: Salbutamol 100 mcg per dose | H70: Inhalation spray with 200 doses | I70: Inhalation | J70: Symptomatic treatment of severe acute asthma (children & infants) | K70: As directed by physician | L70: UNIQUE GENERIC | M70: Generic | N70: Yiwu Royal
A71: 70 | B71: FG04104 | C71: VENTOLIQUE (SALBUTAMOL) SIROP 100ML | D71: VENTOLIQUE | E71: Active | F71: Syrup | G71: Salbutamol 2 mg per 5 mL | H71: Bottle of 100 mL | I71: Oral | J71: Asthma, bronchospasm, reversible airways obstruction | K71: Adults: 4mg TID/QID; 2-6y: 1-2mg; 6-12y: 2mg; >12y: 2-4mg TID/QID | L71: UNIQUE GENERIC | M71: Generic | N71: Biomatrix Healthcare Pvt Ltd
A72: 71 | B72: FG04081 | C72: VENTOLIQUE 4MG(SALBUTAMOL) B/10X10CES | D72: VENTOLIQUE | E72: Active | F72: Tablet | G72: Salbutamol 4 mg | H72: Box of 10×10 tablets | I72: Oral | J72: Bronchospasm in bronchial asthma, chronic bronchitis, emphysema | K72: Adults: 4mg TID/QID; 2-6y: 1-2mg; 6-12y: 2mg; >12y: 2-4mg TID/QID | L72: UNIQUE GENERIC | M72: Generic | N72: Glumex Pharmaceuticals Mfg. Pvt Ltd | O72: Biomatrix Healthcare Pvt Ltd
A73: 72 | B73: FG02981 | C73: SOLU-KORTIF 100MG (HYDROCORTISONE) INJ. B/1 VIAL | D73: Solu-Kortif | E73: Active | F73: Powder for Injection | G73: Hydrocortisone 100 mg per vial + 5 mL ampoule (diluent) | H73: Box: 1 vial + 1 ampoule | I73: IV / IM | J73: Adrenocortical insufficiency, adrenogenital syndrome, hypercalcemia, thyroiditis, rheumatoid arthritis, dermatitis, asthma, COPD | K73: As directed by physician | L73: UNIQUE SUPER SPECIALITY | M73: Marketing
A74: 73 | B74: FG00879 | C74: CORTISTAR (HARMORRHODAL) B/10 SUPPO. | D74: Cortistar | E74: Active | F74: Suppository | G74: Hydrocortisone acetate 0.25% + Zinc oxide 5% + Lidocaine 3% + Allantoin 0.5% | H74: Box of 10 suppositories | I74: Rectal | J74: Hemorrhoidal pain | K74: 1 suppository once or twice daily (as directed) | L74: VITES | M74: Marketing | N74: Biomatrix Healthcare Pvt Ltd
A75: 74 | B75: FG02136 | C75: NAZOCLEAR (SERUM PHYSIO) 0.65% 10ML GOUTTES NASALS | D75: NAZOCLEAR | E75: Active | F75: Nasal Drops | G75: Sodium Chloride 0.65% w/v | H75: Nasal drops bottle | I75: Nasal | J75: Dryness inside nasal passages; dissolves thick/crusty mucus in babies & children | K75: As directed by physician | L75: UNIQUE A | M75: Marketing
A76: 75 | B76: FG04052 | C76: NAZOVERT 0.05% (XYLOMETAZOLIN) GOUTTES NASAL 10ML | D76: NAZOVERT | E76: Active | F76: Nasal Drops | G76: Xylometazoline 0.05% w/v | H76: Bottle of 10 mL | I76: Nasal | J76: Nasal congestion, allergic rhinitis, sinusitis | K76: 2 drops each narine 2–3 times daily (max 7 days use) | L76: UNIQUE GENERIC | M76: Generic | N76: Yiwu Royal
A77: 76 | B77: FG04053 | C77: NAZOVERT 0.1% (XYLOMETAZOLIN) GOUTTES NASAL 10ML | D77: NAZOVERT | E77: Active | F77: Nasal Drops | G77: Xylometazoline 0.1% w/v | H77: Bottle of 10 mL | I77: Nasal | J77: Nasal congestion, allergic rhinitis, sinusitis | K77: 2 drops each narine 2–3 times daily (max 7 days use) | L77: UNIQUE GENERIC | M77: Generic | N77: Yiwu Royal
A78: 77 | B78: FG00675 | C78: CERVOLINE 1000MG/4ML (CITICOLINE) INJ. B/5AMP | D78: Cervoline 1000 | E78: Active | F78: Injectable Solution | G78: Citicoline 1000 mg / 4 mL ampoule | H78: Box of 5 ampoules (4 mL) | I78: IV / IM | J78: Head trauma, ischemic stroke, neurodegenerative disorder, chronic cerebrovascular disease | K78: As directed by physician | L78: UNIQUE SUPER SPECIALITY | M78: Marketing | N78: Biomatrix Healthcare Pvt Ltd
A79: 78 | B79: FG00676 | C79: CERVOLINE 500MG/4ML (CITICOLINE) INJ. B/5AMP | D79: Cervoline 500 | E79: Active | F79: Injectable Solution | G79: Citicoline 500 mg / 4 mL ampoule | H79: Box of 5 ampoules (4 mL) | I79: IV / IM | J79: Head trauma, ischemic stroke, neurodegenerative disorder, chronic cerebrovascular disease | K79: As directed by physician | L79: UNIQUE SUPER SPECIALITY | M79: Marketing | N79: Biomatrix Healthcare Pvt Ltd
A80: 79 | B80: FG01900 | C80: MAGNEQUE FORTE 5MG/10ML (MAGNESIUM) INJ B/5 AMP | D80: Magneque | E80: Active | F80: Injectable Solution | G80: Magnesium Sulfate 1 g / 10 mL ampoule | H80: Box of 5 ampoules (10 mL) | I80: IV / IM | J80: Eclampsia crisis, hypokalemia with hypomagnesemia, hydroelectrolyte rebalancing, parenteral nutrition, severe acute asthma | K80: As directed by physician | L80: UNIQUE A | M80: Marketing | N80: Biomatrix Healthcare Pvt Ltd
A81: 80 | B81: FG03867 | C81: DIAZEPAM 10MG/2ML INJ B/10AMP | D81: Diazepam Injectable | E81: Active | F81: Injectable Solution | G81: Diazepam 10 mg / 2 mL ampoule | H81: Box of 10 ampoules (2 mL) | I81: IM / IV | J81: Anxiety, alcohol withdrawal, seizures, muscle spasms, sedation before procedures | K81: 1–2 ampoules daily (as directed) | L81: UNIQUE GENERIC | M81: Generic | N81: Pharmax India Pvt Ltd
A82: 81 | B82: FG04323 | C82: CARBATROL 200MG (CARBAZEPINE) B/5 X 10 CES | D82: Carbatrol | E82: Active | F82: Tablet | G82: Carbamazepine 200 mg | H82: Box of 5×10 tablets | I82: Oral | J82: Seizure prevention/control (anticonvulsant); trigeminal neuralgia | K82: 1 tablet twice daily (or as directed) | L82: PSYCHIATRY | M82: Marketing | N82: Biomatrix Healthcare Pvt Ltd
A83: 82 | B83: FG02642 | C83: PROTOQ 40MG (PANTOPRAZOLE) INJ. B/1VIAL+ NACL 10ML | D83: Protoq Injectable | E83: Active | F83: Powder for Injection | G83: Pantoprazole 40 mg (lyophilized powder) + NaCl diluent | H83: Vial + Sodium Chloride ampoule | I83: IV | J83: GERD, severe esophagitis, duodenal/gastric ulcer, H. pylori eradication, Zollinger-Ellison, stress ulcer, upper GI bleeding | K83: 1 vial (40 mg) per day | L83: VITES | M83: Marketing | N83: Biomatrix Healthcare Pvt Ltd
A84: 83 | B84: FG01281 | C84: ESOQUE 20MG (ESOMEPRAZOLE) INJ. B/1 VIAL+NACL | D84: Esoque Injectable | E84: Active | F84: Powder for Injection | G84: Esomeprazole 20 mg + NaCl diluent | H84: Vial + Sodium Chloride ampoule | I84: IV | J84: GERD, severe esophagitis, duodenal/gastric ulcer, H. pylori, Zollinger-Ellison, stress ulcer, NSAID-induced peptic ulcer | L84: UNIQUE A | M84: Marketing
A85: 84 | B85: FG02694 | C85: RABEQUE 20MG (RABEPRAZOLE) B/ 10 CES | D85: Rabeque | E85: Active | F85: Tablet | G85: Rabeprazole 20 mg | H85: Box of 10 tablets | I85: Oral | J85: Short-term treatment of gastric & duodenal ulcers, GERD | K85: 1 tablet once daily in the morning for 4 weeks | L85: UNIQUE A | M85: Marketing | N85: Zest Pharma
A86: 85 | B86: FG02695 | C86: RABEQUE 20MG (RABEPRAZOLE) INJ. B/1 VIAL+EAU | D86: Rabeque | E86: Active | F86: Powder for Injection | G86: Rabeprazole 20 mg per vial | H86: Box of 1 vial | I86: IV | J86: Gastric & duodenal ulcers, GERD (alternative to oral PPI) | K86: 1 vial (20 mg) IV once daily | L86: UNIQUE A | M86: Marketing | N86: Biomatrix Healthcare Pvt Ltd
A87: 86 | B87: FG02696 | C87: RABEQUE-D (RABEPRAZOLE+DOMPERI.) B/ 10 GELULES | D87: Rabeque | E87: Active | F87: Capsule | G87: Rabeprazole 10 mg (modified release) + Domperidone 10 mg | H87: Box of 10 capsules | I87: Oral | J87: Gastric & duodenal ulcers, GERD | K87: 1 capsule once daily in the morning for 4 weeks | L87: UNIQUE A | M87: Marketing | N87: Zest Pharma
A88: 87 | B88: FG04892 | C88: H -LOC (RANITIDINE) INJ B/5AMP | D88: H Loc | E88: Active | F88: Injectable Solution | G88: Ranitidine 50 mg / 2 mL ampoule | H88: Box of 5 ampoules (2 mL) | I88: IM / IV | J88: Peptic ulcer disease, GERD, Zollinger–Ellison syndrome | K88: As directed by physician | L88: UNIQUE GENERIC | M88: Generic
A89: 88 | B89: FG04758 | C89: MISOPTOL (MISOPROSTOL) 200UG B/4CES | D89: Misoptol | E89: Active | F89: Tablet | G89: Misoprostol 200 mcg | H89: Box of 4 tablets | I89: Oral | J89: Prevention & treatment of stomach ulcers | K89: As directed by physician (Contraindicated in pregnancy) | L89: OTC PRODUCTS | M89: OTC PRODUCTS | N89: Scott Edil Pharmacia Ltd
A90: 89 | B90: FG04557 | C90: ZOCID 20MG (OMEPRAZOLE) B/10X10 GELULE | D90: Zocid | E90: Active | F90: Capsule | G90: Omeprazole 20 mg | H90: Box of 10×10 capsules | I90: Oral | J90: GERD, peptic ulcer disease, Zollinger–Ellison syndrome | K90: Starting: 60 mg daily (1 tab TID); Max: 360 mg daily | L90: UNIQUE GENERIC | M90: Generic | N90: Ambadnya Life Science Llc
A91: 90 | B91: FG08683 | C91: NOCI KIT – H. PYLORI (7 KITS DE COMBI) | D91: Noci Kit | E91: Active | F91: Kit (Capsules + Tablets) | G91: Lansoprazole 30mg + Clarithromycin 500mg + Tinidazole 500mg (per kit) | H91: Box of 7 kits | I91: Oral | J91: Against Helicobacter pylori infection | K91: ½ kit twice daily for minimum 7 days | L91: UNIQUE A | M91: Marketing | N91: Sunrise Remedies Pvt Ltd
A92: 91 | B92: FG04098 | C92: UNIGEL (ANTI-ACIDE) B/10X10 CES | D92: Unigel Tablet | E92: Active | F92: Chewable Tablet | G92: Aluminium Hydroxide 500 mg | H92: Box of 10×10 chewable tablets | I92: Oral | J92: Gastric hyperacidity, gastritis, stomach pains, GERD | K92: Adults: 1 chewable tablet four times daily | L92: UNIQUE GENERIC | M92: Generic
A93: 92 | B93: FG02195 | C93: NOCIGEL (ANTIACIDE + ANTIFLATULENT) SUSP. 200ML | D93: Nocigel Syrup | E93: Active | F93: Syrup | G93: Aluminium Hydroxide 225mg + Magnesium Hydroxide 200mg + Algenic Acid 200mg + Mg Trisilicate 250mg + Simethicone 50mg (per 5mL) | H93: Bottle of 200 mL | I93: Oral | J93: Gastric hyperacidity, gastritis, stomach pains, GERD | K93: 5 mL (1 tsp), 2–3 times daily (or as directed) | L93: VITES | M93: Marketing | N93: Zest Pharma
A94: 93 | B94: FG04082 | C94: SECOURS (PAIN RELIEF) B/10CES | D94: Secours | E94: Active | F94: Tablet | G94: Diclofenac 50mg + Paracetamol 325mg + Chlorphenamine 4mg + Magnesium Trisilicate 100mg | H94: Box of 10 tablets | I94: Oral | J94: Headache, body pain, fever, toothache, gout pain | K94: Adults & children >14y: 1 tablet twice daily (with/after meals) | L94: OTC PRODUCTS | M94: OTC PRODUCTS | N94: Biomatrix Healthcare Pvt Ltd
A95: 94 | B95: FG03391 | C95: ULTRA DOZEM (PARA+TRAMADOL) B \10 CES | D95: Ultradozem | E95: Active | F95: Tablet | G95: Tramadol 37.5 mg + Paracetamol 325 mg | H95: Box of 10 tablets | I95: Oral | J95: Moderate to severe pain | L95: UNIQUE A | M95: Marketing | N95: Lincoln Pharmaceuticlas Ltd
A96: 95 | B96: FG01320 | C96: FELOXAM 20MG (PIROXICAM) B/3X5 SUPPO. | D96: Feloxam Suppositories | E96: Active | F96: Suppository | G96: Piroxicam 20 mg | H96: Box of 15 suppositories | I96: Rectal | J96: Rheumatoid arthritis, osteoarthritis, ankylosing spondylitis | K96: 1 suppository daily (at bedtime) | L96: UNIQUE A | M96: Marketing | N96: Biomatrix Healthcare Pvt Ltd
A97: 96 | B97: FG01319 | C97: FELOXAM 20MG (PIROXICAM) B/10 CAPSULES | D97: Feloxam Capsule | E97: Active | F97: Capsule | G97: Piroxicam 20 mg | H97: Box of 10 capsules | I97: Oral | J97: Rheumatoid arthritis, osteoarthritis, ankylosing spondylitis | K97: 1 capsule once daily | L97: OTC PRODUCTS | M97: OTC PRODUCTS | N97: Biomatrix Healthcare Pvt Ltd
A98: 97 | B98: FG06906 | C98: IBUNIQUE FORTE (PARA+IBU+CAF) B/10X10 CAPS | D98: Ibunique Forte | E98: Active | F98: Capsule | G98: Ibuprofen 400 mg + Paracetamol 325 mg + Caffeine 40 mg | H98: Box of 10×10 capsules | I98: Oral | J98: Pain relief, analgesic, antipyretic, anti-inflammatory (cold/flu) | K98: 1 capsule three times daily | L98: OTC PRODUCTS | M98: OTC PRODUCTS | N98: Biomatrix Healthcare Pvt Ltd
A99: 98 | B99: FG04040 | C99: IBUNIQUE (PARA+IBU+CAF) B/10X10 CAPS | D99: Ibunique Capsules | E99: Active | F99: Capsule | G99: Ibuprofen 200 mg + Paracetamol 325 mg + Caffeine 40 mg | H99: Box of 10×10 capsules | I99: Oral | J99: Pain relief, analgesic, antipyretic, anti-inflammatory (cold/flu) | K99: 1 capsule three times daily | L99: OTC PRODUCTS | M99: OTC PRODUCTS | N99: Biomatrix Healthcare Pvt Ltd
A100: 99 | B100: FG04096 | C100: UFLAM (PARA+IBU) B/10 X10 CES | D100: Uflam Tablets | E100: Active | F100: Tablet | G100: Ibuprofen 400 mg + Paracetamol 325 mg | H100: Box of 10×10 tablets | I100: Oral | J100: Pain relief, analgesic, antipyretic, anti-inflammatory | K100: 1 tablet three times daily | L100: OTC PRODUCTS | M100: OTC PRODUCTS | N100: Biomatrix Healthcare Pvt Ltd
...

Sheet Sheet1
A1: Category | B1: Item Group | C1: Item Code | D1: Item Name | E1: Supplier Name | F1: Import Item Name | G1: Created By | H1: Purchase Unit | I1: Pack Size | J1: Std/Sales Unit | K1: Shipping Packsize | L1: Pack Weight (kg) | M1: HTS Code | N1: HTS Description | O1: Duty (%) | P1: Active
A2: FINISHED GOODS | B2: GENERAL | C2: FG00001 | D2: *****CLIFA-600MG UPS B/20CES | E2: NA | F2: *****CLIFA-600MG UPS B/20CES | G2: admin | H2: PCS | I2: 1 | J2: PCS | K2: 1 | M2: NA | N2: NA | P2: Yes | Q2: =VLOOKUP(C2,'ITEM MASTER'!B:B,1,0) -> FG00001 | R2: =VLOOKUP(B2,'ITEM MASTER'!L:M,2,0) -> Generic
A3: FINISHED GOODS | B3: GENERAL | C3: FG00003 | D3: 3FORT (VIT-B1.B6.B12) SIROP 100ML | E3: UNIQUE VENTURES LTD | F3: 3FORT (VIT-B1.B6.B12) SIROP 100ML | G3: admin | H3: PCS | I3: 1 | J3: PCS | K3: 1 | M3: NA | N3: NA | P3: Yes | Q3: =VLOOKUP(C3,'ITEM MASTER'!B:B,1,0) -> FG00003 | R3: =VLOOKUP(B3,'ITEM MASTER'!L:M,2,0) -> Generic
A4: FINISHED GOODS | B4: GENERAL | C4: FG00004 | D4: 3FORT @@ Z @@@ B/30CES | E4: NA | F4: 3FORT @@ Z @@@ B/30CES | G4: admin | H4: PCS | I4: 1 | J4: PCS | K4: 1 | M4: NA | N4: NA | P4: Yes | Q4: =VLOOKUP(C4,'ITEM MASTER'!B:B,1,0) -> FG00004 | R4: =VLOOKUP(B4,'ITEM MASTER'!L:M,2,0) -> Generic
A5: FINISHED GOODS | B5: GENERAL | C5: FG00005 | D5: 3FORT B/30CES | E5: NA | F5: 3FORT B/30CES | G5: admin | H5: PCS | I5: 1 | J5: PCS | K5: 1 | M5: NA | N5: NA | P5: Yes | Q5: =VLOOKUP(C5,'ITEM MASTER'!B:B,1,0) -> FG00005 | R5: =VLOOKUP(B5,'ITEM MASTER'!L:M,2,0) -> Generic
A6: FINISHED GOODS | B6: GENERAL | C6: FG00006 | D6: 3FORT-Z ( VIT B1+B6+B12) ZINC SIROP 100ML | E6: NA | F6: 3FORT-Z ( VIT B1+B6+B12) ZINC SIROP 100ML | G6: admin | H6: PCS | I6: 1 | J6: PCS | K6: 1 | M6: NA | N6: NA | P6: No | Q6: =VLOOKUP(C6,'ITEM MASTER'!B:B,1,0) -> FG00006 | R6: =VLOOKUP(B6,'ITEM MASTER'!L:M,2,0) -> Generic
A7: FINISHED GOODS | B7: GENERAL | C7: FG00007 | D7: 3VIT FORT 10AMP | E7: NA | F7: 3VIT FORT 10AMP | G7: admin | H7: PCS | I7: 1 | J7: PCS | K7: 1 | M7: NA | N7: NA | P7: Yes | Q7: =VLOOKUP(C7,'ITEM MASTER'!B:B,1,0) -> FG00007 | R7: =VLOOKUP(B7,'ITEM MASTER'!L:M,2,0) -> Generic
A8: FINISHED GOODS | B8: GENERAL | C8: FG00009 | D8: A-DEM CREME 15MG | E8: NA | F8: A-DEM CREME 15MG | G8: admin | H8: PCS | I8: 1 | J8: PCS | K8: 1 | M8: NA | N8: NA | P8: Yes | Q8: =VLOOKUP(C8,'ITEM MASTER'!B:B,1,0) -> FG00009 | R8: =VLOOKUP(B8,'ITEM MASTER'!L:M,2,0) -> Generic
A9: FINISHED GOODS | B9: GENERAL | C9: FG00010 | D9: A-DEM CREME 30MG | E9: NA | F9: A-DEM CREME 30MG | G9: admin | H9: PCS | I9: 1 | J9: PCS | K9: 1 | M9: NA | N9: NA | P9: Yes | Q9: =VLOOKUP(C9,'ITEM MASTER'!B:B,1,0) -> FG00010 | R9: =VLOOKUP(B9,'ITEM MASTER'!L:M,2,0) -> Generic
A10: FINISHED GOODS | B10: GENERAL | C10: FG00011 | D10: A-DEM FEMINA | E10: NA | F10: A-DEM FEMINA | G10: admin | H10: PCS | I10: 1 | J10: PCS | K10: 1 | M10: NA | N10: NA | P10: Yes | Q10: =VLOOKUP(C10,'ITEM MASTER'!B:B,1,0) -> FG00011 | R10: =VLOOKUP(B10,'ITEM MASTER'!L:M,2,0) -> Generic
A11: FINISHED GOODS | B11: GENERAL | C11: FG00012 | D11: A-DEM POUDRE 100MG | E11: NA | F11: A-DEM POUDRE 100MG | G11: admin | H11: PCS | I11: 1 | J11: PCS | K11: 1 | M11: NA | N11: NA | P11: Yes | Q11: =VLOOKUP(C11,'ITEM MASTER'!B:B,1,0) -> FG00012 | R11: =VLOOKUP(B11,'ITEM MASTER'!L:M,2,0) -> Generic
A12: FINISHED GOODS | B12: GENERAL | C12: FG00013 | D12: A-DEM SOAP 75MG | E12: NA | F12: A-DEM SOAP 75MG | G12: admin | H12: PCS | I12: 1 | J12: PCS | K12: 1 | M12: NA | N12: NA | P12: Yes | Q12: =VLOOKUP(C12,'ITEM MASTER'!B:B,1,0) -> FG00013 | R12: =VLOOKUP(B12,'ITEM MASTER'!L:M,2,0) -> Generic
A13: FINISHED GOODS | B13: GENERAL | C13: FG00015 | D13: ABAISSE LANGUE | E13: NA | F13: ABAISSE LANGUE | G13: admin | H13: PCS | I13: 1 | J13: PCS | K13: 1 | M13: NA | N13: NA | P13: Yes | Q13: =VLOOKUP(C13,'ITEM MASTER'!B:B,1,0) -> FG00015 | R13: =VLOOKUP(B13,'ITEM MASTER'!L:M,2,0) -> Generic
... A9386: FINISHED GOODS | B9386: SPECIALITIES | C9386: FG05696 | D9386: VOLTARENE 75MG 5AMP (GR) | E9386: NA | F9386: VOLTARENE 75MG 5AMP (GR) | G9386: UNIQUE1 | H9386: PCS | I9386: 1 | J9386: PCS | K9386: 1 | M9386: NA | N9386: NA | P9386: Yes | Q9386: =VLOOKUP(C9386,'ITEM MASTER'!B:B,1,0) -> FG05696 | R9386: =VLOOKUP(B9386,'ITEM MASTER'!L:M,2,0) -> Generic
Q9387: =VLOOKUP(C9387,'ITEM MASTER'!B:B,1,0) -> #N/A | R9387: =VLOOKUP(B9387,'ITEM MASTER'!L:M,2,0) -> #N/A
